{
  "total_runs": 24,
  "avg_resilience": 0.138069604964048,
  "avg_metabolism_rate": 2.374517158858157,
  "avg_reproduction_chance": 1.6712916062491638,
  "avg_health": 46.24135852500919,
  "avg_energy": 83.70929228209107,
  "avg_population": 246.25
}