{
  "total_runs": 50,
  "avg_resilience": 0.1537255431171086,
  "avg_metabolism_rate": 2.696816670172639,
  "avg_reproduction_chance": 1.6537729649438313,
  "avg_health": 43.543896249599,
  "avg_energy": 81.2725916788136,
  "avg_population": 179.98
}