{
  "total_runs": 38,
  "avg_resilience": 0.1526759540850033,
  "avg_metabolism_rate": 2.59004088705594,
  "avg_reproduction_chance": 1.6615579103566542,
  "avg_health": 45.66015095385451,
  "avg_energy": 81.73534456799929,
  "avg_population": 201.6315789473684
}