{
  "total_runs": 1,
  "avg_resilience": 0.11226790896821012,
  "avg_metabolism_rate": 3.941190223099388,
  "avg_reproduction_chance": 1.711281466149244,
  "avg_health": 32.325404471488525,
  "avg_energy": 93.2965936334797,
  "avg_population": 167.0
}